{
  "max_regression_percent": 5.0,
  "unit": "ns",
  "reference": "aarch64 Linux, rustc 1.97.0, same-run Criterion 0.8.2 quick medians normalized by telemetry_calibration, 2026-07-17",
  "calibration": 665.6671752929688,
  "benchmarks": {
    "console_frame": 175509.396484375,
    "launch_pipeline": 12407495.375,
    "pane_body": 164137.9189453125,
    "pty_byte_pump": 344838.78125
  }
}
